Product ID,Product Type,Sales Margin
H6925,Shirts,92%
P7114,Suits,90%
P6948,Suits,90%
P7126,Suits,88%
H9292,Shirts,88%
H9461,Shirts,87%
FW1856,Footwear,87%
H6909,Shirts,87%
B5555,Suits,86%
H6888,Shirts,86%
SW2021,Knitwear,86%
SW2041,Knitwear,85%
H6889,Shirts,85%
P7010,Suits,85%
B1800,Trousers,85%
SW2020,Knitwear,85%
SW2101,Knitwear,85%
SW1617,Knitwear,85%
SW1637,Knitwear,85%
SW1902,Knitwear,84%
SW1927,Knitwear,84%
B4778,Suits,84%
SW2109,Knitwear,84%
SW2108,Knitwear,84%
W3505,Suits,84%
W6040,Suits,84%
SW1715,Knitwear,84%
SW1751,Knitwear,84%
SW1115,Knitwear,84%
C5555,Suits,84%
SW2107,Knitwear,84%
SW1125,Knitwear,83%
SW1847,Knitwear,83%
SW1040,Knitwear,83%
B5788,Suits,83%
SW1713,Knitwear,83%
SW1714,Knitwear,83%
SW1113,Knitwear,83%
SW1546,Knitwear,83%
CMDH020,Shirts,83%
SW1958,Knitwear,83%
SW1548,Knitwear,83%
W6666,Suits,83%
B7062,Suits,83%
SW2012,Knitwear,83%
SW2003,Knitwear,83%
C8444,Suits,82%
SW2013,Knitwear,82%
SW1747,Knitwear,82%
B7401,Suits,82%
SW1728,Knitwear,82%
W6401,Suits,82%
J1460,Outerwear,82%
SW1345,Knitwear,82%
W4778,Suits,82%
SW1846,Knitwear,82%
SW1854,Knitwear,82%
SW2000,Knitwear,82%
SW1636,Knitwear,82%
W2505,Suits,82%
B1128,Trousers,82%
SW1853,Knitwear,82%
W3768,Suits,82%
SW2153,Knitwear,82%
P4302,Suits,82%
W7401,Suits,82%
SW1106,Knitwear,82%
H5629,Shirts,82%
W7777,Suits,82%
B7334,Suits,82%
C3505,Suits,81%
P7038,Suits,81%
SW1802,Knitwear,81%
H7218,Shirts,81%
P5645,Suits,81%
SW1648,Knitwear,81%
SW1904,Knitwear,81%
C7444,Suits,81%
SW1041,Knitwear,81%
SW1929,Knitwear,81%
SW2022,Knitwear,81%
B3019,Suits,81%
SW1513,Knitwear,81%
SW1914,Knitwear,81%
SW1801,Knitwear,81%
SW1613,Knitwear,81%
C6506,Suits,81%
SW1932,Knitwear,81%
P7135,Suits,81%
B3505,Suits,81%
C6854,Suits,81%
W5778,Suits,81%
SW2023,Knitwear,81%
C25203,Blazers,81%
SW1518,Knitwear,81%
SW1815,Knitwear,81%
P6319,Suits,81%
P7033,Suits,81%
SW1930,Knitwear,81%
SW1915,Knitwear,81%
SW1647,Knitwear,81%
SW1705,Knitwear,81%
SW2040,Knitwear,81%
SW2104,Knitwear,81%
B3089,Trousers,81%
SW1951,Knitwear,81%
SW2033,Knitwear,81%
SW1931,Knitwear,81%
C7505,Suits,81%
SW1649,Knitwear,81%
SW1945,Knitwear,80%
SW1901,Knitwear,80%
SW1834,Knitwear,80%
B3022,Trousers,80%
SW2100,Knitwear,80%
C6485,Suits,80%
SW2010,Knitwear,80%
P4305,Suits,80%
H7102,Shirts,80%
SW2038,Knitwear,80%
B3768,Suits,80%
SW1861,Knitwear,80%
C6505,Suits,80%
W6485,Suits,80%
H6718,Shirts,80%
P6870,Suits,80%
B1840,Trousers,80%
C7506,Suits,80%
SW2118,Knitwear,80%
P6873,Suits,80%
SW2166,Knitwear,80%
SW2025,Knitwear,80%
SW2024,Knitwear,80%
P6874,Suits,80%
SW2034,Knitwear,80%
SW1952,Knitwear,80%
SW2037,Knitwear,80%
H7010,Shirts,80%
H6709,Shirts,80%
H9397,Shirts,80%
SW1104,Knitwear,80%
P6681,Suits,80%
SW2039,Knitwear,80%
SW1737,Knitwear,80%
C6801,Suits,80%
SW1431,Knitwear,80%
B6801,Suits,80%
SW1662,Knitwear,80%
P7112,Suits,80%
SW1941,Knitwear,80%
B7505,Suits,80%
C5778,Suits,80%
SW2011,Knitwear,80%
SW756,Knitwear,80%
SW2019,Knitwear,80%
C2008,Blazers,80%
P7036,Suits,80%
P6926,Suits,80%
SW1739,Knitwear,80%
B25210,Trousers,80%
W6444,Suits,80%
P7030,Suits,80%
SW1101,Knitwear,80%
SW1950,Knitwear,80%
SW1911,Knitwear,80%
P7035,Suits,80%
C6504,Suits,80%
H7404,Shirts,80%
SW2117,Knitwear,80%
SW1961,Knitwear,79%
SW1756,Knitwear,79%
SW1909,Knitwear,79%
SW757,Knitwear,79%
SW1658,Knitwear,79%
SW2035,Knitwear,79%
C6666,Suits,79%
B6506,Suits,79%
C4778,Suits,79%
SW1016,Knitwear,79%
SW1910,Knitwear,79%
C6334,Suits,79%
P7134,Suits,79%
SW1955,Knitwear,79%
J1071,Outerwear,79%
B3070,Trousers,79%
H7414,Shirts,79%
J461,Outerwear,79%
C7062,Suits,79%
H9217,Shirts,79%
P6367,Suits,79%
SW1554,Knitwear,79%
SW1954,Knitwear,79%
SW1750,Knitwear,79%
SW752,Knitwear,79%
B6485,Suits,79%
J1072,Outerwear,79%
SW2111,Knitwear,79%
SW1906,Knitwear,79%
SW1824,Knitwear,79%
P6633,Suits,79%
P7111,Suits,79%
B1768,Suits,79%
B1053,Trousers,79%
SW1825,Knitwear,79%
P7136,Suits,79%
SW1823,Knitwear,79%
H7424,Shirts,79%
B4768,Suits,79%
SW1935,Knitwear,79%
B084,Trousers,79%
P6443,Suits,79%
P7118,Suits,79%
C7401,Suits,79%
SW1827,Knitwear,79%
H7347,Shirts,78%
H7097,Shirts,78%
B6904,Suits,78%
B7323,Suits,78%
B6334,Suits,78%
B2505,Suits,78%
H7341,Shirts,78%
H7008,Shirts,78%
SW1336,Knitwear,78%
C6444,Suits,78%
SW750,Knitwear,78%
C7334,Suits,78%
H7345,Shirts,78%
C3768,Suits,78%
B3003,Trousers,78%
SW1833,Knitwear,78%
SW2151,Knitwear,78%
P6954,Suits,78%
B6666,Suits,78%
SW1556,Knitwear,78%
B1273,Trousers,78%
SW2112,Knitwear,78%
SW2042,Knitwear,78%
SW1934,Knitwear,78%
H9497,Shirts,78%
B7603,Trousers,78%
B7444,Suits,78%
B3076,Trousers,78%
SW1656,Knitwear,78%
B7506,Suits,78%
C5505,Suits,78%
SW2044,Knitwear,78%
P6159,Suits,78%
J1034,Outerwear,78%
P7032,Suits,78%
SW2164,Knitwear,78%
SW1730,Knitwear,78%
P6647,Suits,78%
SW1826,Knitwear,78%
SW1322,Knitwear,78%
B3016,Trousers,78%
SW2072,Knitwear,78%
B3075,Trousers,78%
SW760,Knitwear,78%
SW2001,Knitwear,78%
P5299,Suits,78%
SW1813,Knitwear,78%
SW1423,Knitwear,78%
SP054,Knitwear,78%
J1013,Outerwear,78%
H6733,Shirts,78%
B8444,Suits,78%
SW1128,Knitwear,78%
B1819,Trousers,78%
J460,Outerwear,78%
W868,Suits,78%
H7332,Shirts,78%
B3017,Trousers,78%
B3084,Trousers,78%
SW1538,Knitwear,78%
SW1933,Knitwear,78%
P6736,Suits,78%
C7010,Suits,77%
C7090,Suits,77%
H6711,Shirts,77%
H7302,Shirts,77%
SW2032,Knitwear,77%
C7001,Suits,77%
J1461,Outerwear,77%
P7113,Suits,77%
P6931,Suits,77%
B6903,Suits,77%
SW2036,Knitwear,77%
SW2163,Knitwear,77%
P6936,Suits,77%
P6925,Suits,77%
C7777,Suits,77%
SW1848,Knitwear,77%
H6924,Shirts,77%
P6932,Suits,77%
P6872,Suits,77%
C2847,Blazers,77%
SW2055,Knitwear,77%
B3020,Trousers,77%
B6444,Suits,77%
SW1634,Knitwear,77%
SW1641,Knitwear,77%
B6088,Suits,77%
H7340,Shirts,77%
C7193,Suits,77%
P7008,Suits,77%
B5505,Suits,77%
SW2018,Knitwear,77%
H6610,Shirts,77%
P6594,Suits,77%
W7444,Suits,77%
P6645,Suits,77%
J960,Outerwear,77%
P5481,Suits,77%
W1199,Suits,77%
SW1528,Knitwear,77%
B7760,Suits,77%
P7608,Suits,77%
SW2017,Knitwear,77%
P6843,Suits,77%
H7349,Shirts,77%
B5778,Suits,77%
SW1965,Knitwear,77%
SW1830,Knitwear,77%
B1809,Trousers,77%
SW1541,Knitwear,77%
SW2045,Knitwear,77%
P5451,Suits,77%
C6890,Suits,77%
B2778,Suits,77%
H9395,Shirts,77%
SW1681,Knitwear,77%
P6928,Suits,77%
SW1524,Knitwear,77%
B1804,Trousers,77%
H7005,Shirts,77%
H4298,Shirts,77%
B7107,Suits,77%
SW759,Knitwear,77%
H7338,Shirts,77%
SW1620,Knitwear,77%
P6848,Suits,77%
P6871,Suits,77%
B3778,Suits,77%
B3002,Trousers,77%
SW1540,Knitwear,77%
SW2155,Knitwear,77%
C7192,Suits,77%
SW1547,Knitwear,77%
SW1549,Knitwear,77%
P7061,Suits,76%
P6950,Suits,76%
SW1033,Knitwear,76%
P7192,Suits,76%
C2778,Suits,76%
C6634,Suits,76%
H6717,Shirts,76%
P7044,Suits,76%
H6793,Shirts,76%
SW1818,Knitwear,76%
CMDH019,Shirts,76%
P6627,Suits,76%
B7777,Suits,76%
C1768,Suits,76%
P7069,Suits,76%
P6952,Suits,76%
SW1829,Knitwear,76%
SW1456,Knitwear,76%
H6723,Shirts,76%
H7205,Shirts,76%
B7104,Suits,76%
J1044,Outerwear,76%
SW1731,Knitwear,76%
C6903,Suits,76%
H7308,Shirts,76%
C6422,Suits,76%
P7149,Suits,76%
H9361,Shirts,76%
J845,Outerwear,76%
H7210,Shirts,76%
P6512,Suits,76%
SW1539,Knitwear,76%
B1199,Suits,76%
B7103,Suits,76%
W7040,Suits,76%
B2006,Trousers,76%
H7334,Shirts,76%
C6904,Suits,76%
B1902,Trousers,76%
SW1630,Knitwear,76%
P7148,Suits,76%
SW2014,Knitwear,76%
SW1519,Knitwear,76%
B3043,Trousers,76%
SW1822,Knitwear,76%
B7108,Suits,76%
B3001,Trousers,76%
H7337,Shirts,76%
C6991,Suits,76%
P6593,Suits,76%
C2505,Suits,76%
B3044,Trousers,76%
P6404,Suits,76%
B3031,Trousers,76%
C847,Blazers,76%
H7324,Shirts,76%
B6422,Suits,76%
C6660,Suits,76%
SW2050,Knitwear,76%
P7140,Suits,76%
B3072,Trousers,76%
SW1654,Knitwear,76%
H9356,Shirts,76%
SW1100,Knitwear,76%
P6564,Suits,76%
SW1638,Knitwear,76%
H7403,Shirts,76%
P6562,Suits,76%
B2897,Trousers,76%
SW1529,Knitwear,76%
SW1805,Knitwear,76%
SW2043,Knitwear,76%
SW1808,Knitwear,76%
P6440,Suits,76%
B3074,Trousers,76%
CMC60,Suits,76%
H7307,Shirts,76%
SW1967,Knitwear,76%
P7072,Suits,76%
SW1831,Knitwear,76%
H7003,Shirts,76%
B2906,Trousers,76%
P6731,Suits,76%
J1016,Outerwear,75%
C6905,Suits,75%
SW2110,Knitwear,75%
H7006,Shirts,75%
P6866,Suits,75%
SW1653,Knitwear,75%
H6484,Shirts,75%
H2310,Shirts,75%
SW1803,Knitwear,75%
P6865,Suits,75%
H7407,Shirts,75%
B6906,Suits,75%
B3083,Trousers,75%
C6995,Suits,75%
SW1828,Knitwear,75%
C6892,Suits,75%
H7348,Shirts,75%
W7353,Suits,75%
H7305,Shirts,75%
H9204,Shirts,75%
P6634,Suits,75%
H7112,Shirts,75%
H7436,Shirts,75%
SW1633,Knitwear,75%
H6147,Shirts,75%
SW2031,Knitwear,75%
H9457,Shirts,75%
B1562,Trousers,75%
P7141,Suits,75%
B2914,Trousers,75%
FW1861,Footwear,75%
H7206,Shirts,75%
SW1722,Knitwear,75%
P6500,Suits,75%
C25131,Blazers,75%
P6438,Suits,75%
C24229,Blazers,75%
P8437,Suits,75%
P7006,Suits,75%
B6905,Suits,75%
P7152,Suits,75%
SW2016,Knitwear,75%
B3012,Trousers,75%
SW2073,Knitwear,75%
P6656,Suits,75%
H7004,Shirts,75%
P6445,Suits,75%
SW1218,Knitwear,75%
H6720,Shirts,75%
B6504,Suits,75%
SW1721,Knitwear,75%
SW1611,Knitwear,75%
C6994,Suits,75%
H7227,Shirts,75%
SW2049,Knitwear,75%
SW2053,Knitwear,75%
B5779,Suits,75%
J1060,Outerwear,75%
P6586,Suits,75%
SW2159,Knitwear,75%
P7623,Suits,75%
SW1851,Knitwear,75%
C25208,Blazers,75%
SW1807,Knitwear,75%
C6996,Suits,75%
C6760,Suits,75%
P6556,Suits,75%
C3778,Suits,75%
C2045,Blazers,75%
B2907,Trousers,75%
H6902,Shirts,75%
SW1840,Knitwear,75%
P6420,Suits,75%
J980,Outerwear,75%
P6511,Suits,75%
B3095,Trousers,75%
B8422,Suits,75%
H9396,Shirts,75%
B6960,Suits,75%
P8217,Suits,75%
SW1621,Knitwear,75%
SW1525,Knitwear,75%
P6863,Suits,75%
C3399,Suits,75%
P7005,Suits,75%
H6710,Shirts,75%
SW2116,Knitwear,75%
SW1743,Knitwear,75%
P7353,Suits,75%
SW2007,Knitwear,75%
H7333,Shirts,75%
SW1869,Knitwear,75%
B7040,Suits,75%
B6760,Suits,75%
B3081,Trousers,75%
H7007,Shirts,75%
P9465,Suits,75%
CT6334,Suits,75%
SW2002,Knitwear,75%
SW1720,Knitwear,75%
C9565,Suits,75%
P6908,Suits,75%
SW1666,Knitwear,75%
C6401,Suits,75%
H7319,Shirts,75%
SW1966,Knitwear,75%
SW1837,Knitwear,75%
SW2029,Knitwear,75%
C9555,Suits,75%
B2248,Suits,75%
B3090,Trousers,74%
B6703,Suits,74%
H7406,Shirts,74%
P7617,Suits,74%
SW2052,Knitwear,74%
B1873,Trousers,74%
C6735,Suits,74%
P7144,Suits,74%
SW1642,Knitwear,74%
B3005,Trousers,74%
B5560,Suits,74%
B3034,Trousers,74%
B3046,Trousers,74%
H7211,Shirts,74%
SW1860,Knitwear,74%
SW1907,Knitwear,74%
P7630,Suits,74%
C24221,Blazers,74%
H7105,Shirts,74%
C6703,Suits,74%
B3062,Trousers,74%
H7425,Shirts,74%
C24210,Blazers,74%
J1003,Outerwear,74%
B1835,Trousers,74%
P6805,Suits,74%
H9404,Shirts,74%
SW1804,Knitwear,74%
SW1852,Knitwear,74%
C6751,Suits,74%
P6864,Suits,74%
B3021,Suits,74%
B6901,Suits,74%
C6752,Suits,74%
SW1836,Knitwear,74%
C25209,Blazers,74%
H7304,Shirts,74%
H9202,Shirts,74%
J1069,Outerwear,74%
SW1839,Knitwear,74%
H7433,Shirts,74%
SW1530,Knitwear,74%
B7179,Suits,74%
P6637,Suits,74%
SW1835,Knitwear,74%
SW1838,Knitwear,74%
SW2004,Knitwear,74%
H7342,Shirts,74%
P5225,Suits,74%
P6824,Suits,74%
SW1213,Knitwear,74%
FW1340,Footwear,74%
SW1859,Knitwear,74%
P9437,Suits,74%
SW2054,Knitwear,74%
J1068,Outerwear,74%
SW1665,Knitwear,74%
B25206,Trousers,74%
SW2028,Knitwear,74%
C3031,Blazers,74%
C6704,Suits,74%
SW1631,Knitwear,74%
H9261,Shirts,74%
SW1333,Knitwear,74%
W9353,Suits,74%
P6439,Suits,74%
J775,Outerwear,74%
SW1865,Knitwear,74%
P7054,Suits,74%
SW1133,Knitwear,74%
SW2071,Knitwear,74%
P7153,Suits,74%
H7419,Shirts,74%
SW1532,Knitwear,74%
H6612,Shirts,74%
H7109,Shirts,74%
C9559,Suits,74%
SW2026,Knitwear,74%
SW1667,Knitwear,74%
W8353,Suits,74%
SW1702,Knitwear,74%
SW2027,Knitwear,74%
SW1868,Knitwear,74%
SW1629,Knitwear,74%
P6808,Suits,74%
P6529,Suits,74%
B1808,Trousers,74%
C25120,Blazers,74%
P7001,Suits,74%
P6400,Suits,74%
H9391,Shirts,74%
B809,Suits,74%
H7330,Shirts,74%
FW1348,Footwear,74%
P6599,Suits,74%
C6702,Suits,74%
B1559,Trousers,74%
C2051,Blazers,73%
H7318,Shirts,73%
B3071,Trousers,73%
H7220,Shirts,73%
P6910,Suits,73%
SW2047,Knitwear,73%
H9304,Shirts,73%
P7145,Suits,73%
P6842,Suits,73%
C2148,Suits,73%
C6855,Suits,73%
H7212,Shirts,73%
BW202,Outerwear,73%
H7317,Shirts,73%
SW1446,Knitwear,73%
P6563,Suits,73%
B1876,Trousers,73%
H9211,Shirts,73%
P6533,Suits,73%
P6853,Suits,73%
H7095,Shirts,73%
P6739,Suits,73%
P6844,Suits,73%
C25121,Blazers,73%
P7143,Suits,73%
C2121,Blazers,73%
P6585,Suits,73%
SW1732,Knitwear,73%
P6821,Suits,73%
P7071,Suits,73%
P6537,Suits,73%
SW2015,Knitwear,73%
SW1856,Knitwear,73%
P6860,Suits,73%
H6901,Shirts,73%
B6704,Suits,73%
P6642,Suits,73%
H7101,Shirts,73%
H7103,Shirts,73%
H7219,Shirts,73%
P7012,Suits,73%
C2016,Blazers,73%
SW2102,Knitwear,73%
B1834,Trousers,73%
SW1657,Knitwear,73%
H9234,Shirts,73%
P6867,Suits,73%
J1050,Outerwear,73%
P7335,Suits,73%
P6902,Suits,73%
H7104,Shirts,73%
B25209,Trousers,73%
J962,Outerwear,73%
SW1664,Knitwear,73%
SW1531,Knitwear,73%
H7108,Shirts,73%
SW1855,Knitwear,73%
P7004,Suits,73%
SW1643,Knitwear,73%
C6901,Suits,73%
C6934,Suits,73%
SW1832,Knitwear,73%
SW1800,Knitwear,73%
H7313,Shirts,73%
H7331,Shirts,73%
P5511,Suits,73%
H9495,Shirts,73%
SW1857,Knitwear,73%
B1814,Trousers,73%
P6862,Suits,73%
P7045,Suits,73%
SW1437,Knitwear,73%
J835,Outerwear,73%
B1828,Trousers,73%
H9297,Shirts,73%
H6910,Shirts,73%
SW2160,Knitwear,73%
C6992,Suits,73%
P7294,Suits,73%
P6548,Suits,73%
C9353,Suits,73%
C6860,Suits,73%
C9355,Suits,73%
C2814,Blazers,73%
H6722,Shirts,73%
P5602,Suits,73%
P6955,Suits,73%
B4760,Suits,73%
P6861,Suits,73%
P7853,Suits,73%
SW1626,Knitwear,73%
H9308,Shirts,73%
SW1426,Knitwear,73%
C1199,Suits,73%
C6701,Suits,73%
SW1623,Knitwear,73%
C6853,Suits,73%
P7007,Suits,73%
P6212,Suits,73%
SW1457,Knitwear,73%
H9456,Shirts,73%
P7142,Suits,73%
J1774,Outerwear,73%
P7109,Suits,73%
C7107,Suits,73%
P6217,Suits,73%
P7116,Suits,73%
H6911,Shirts,73%
H9302,Shirts,73%
H5565,Shirts,73%
B810,Suits,73%
J655,Outerwear,73%
W2299,Suits,73%
FW1311,Footwear,72%
B1909,Trousers,72%
J1075,Outerwear,72%
C2106,Blazers,72%
C25125,Blazers,72%
SW1632,Knitwear,72%
H7344,Shirts,72%
P9335,Suits,72%
B3093,Trousers,72%
C6639,Suits,72%
C2035,Blazers,72%
BW311,Outerwear,72%
P7002,Suits,72%
P7013,Suits,72%
P6711,Suits,72%
P6000,Suits,72%
P7293,Suits,72%
SW1809,Knitwear,72%
P6990,Suits,72%
SW1858,Knitwear,72%
B1329,Trousers,72%
P7009,Suits,72%
SW1240,Knitwear,72%
H6358,Shirts,72%
B25208,Trousers,72%
W7617,Suits,72%
W7623,Suits,72%
H7106,Shirts,72%
C24220,Blazers,72%
SW1843,Knitwear,72%
C6750,Suits,72%
SW1810,Knitwear,72%
P6322,Suits,72%
SW1733,Knitwear,72%
SW1242,Knitwear,72%
H7208,Shirts,72%
P6956,Suits,72%
B1813,Trousers,72%
B3006,Trousers,72%
SW2051,Knitwear,72%
H6828,Shirts,72%
P9217,Suits,72%
SW1625,Knitwear,72%
B1459,Trousers,72%
B3029,Trousers,72%
B6401,Suits,72%
W6406,Suits,72%
C6040,Suits,72%
J1655,Outerwear,72%
P6807,Suits,72%
FW14019,Footwear,72%
SW1944,Knitwear,72%
P7070,Suits,72%
SW2103,Knitwear,72%
B1299,Suits,72%
B6505,Suits,72%
C2072,Blazers,72%
B777,Trousers,72%
B3037,Trousers,72%
P6582,Suits,72%
J1935,Outerwear,72%
B1805,Trousers,72%
C6699,Suits,72%
SW1820,Knitwear,72%
B3085,Trousers,72%
FW14015,Footwear,72%
H7096,Shirts,72%
P8200,Suits,72%
B25202,Trousers,72%
P6811,Suits,72%
H7418,Shirts,72%
P8335,Suits,72%
P6730,Suits,72%
B3028,Trousers,72%
B3051,Trousers,72%
C2109,Blazers,72%
H6765,Shirts,72%
FW1329,Footwear,72%
P7053,Suits,72%
P6559,Suits,72%
P6820,Suits,72%
SW1943,Knitwear,72%
P6584,Suits,72%
W768,Suits,72%
P6800,Suits,72%
H6390,Shirts,72%
C6180,Suits,72%
P7339,Suits,72%
P7042,Suits,72%
FW1363,Footwear,72%
P6738,Suits,72%
C4766,Suits,72%
P6451,Suits,72%
P7615,Suits,72%
SW1515,Knitwear,72%
P6903,Suits,72%
SW1455,Knitwear,72%
P6624,Suits,72%
P7043,Suits,72%
P6912,Suits,72%
P9339,Suits,72%
SW2154,Knitwear,72%
FW1328,Footwear,72%
B1561,Trousers,72%
P6535,Suits,72%
B7134,Suits,72%
H7221,Shirts,72%
B2900,Trousers,72%
P6806,Suits,72%
B7353,Suits,71%
B6862,Suits,71%
J1061,Outerwear,71%
C7422,Suits,71%
B2916,Trousers,71%
P7003,Suits,71%
C4499,Suits,71%
B2915,Trousers,71%
P6724,Suits,71%
B7181,Suits,71%
B6329,Suits,71%
H9208,Shirts,71%
SP053,Knitwear,71%
B1560,Trousers,71%
C2048,Suits,71%
P6581,Suits,71%
H7311,Shirts,71%
H6900,Shirts,71%
C6852,Suits,71%
W6626,Suits,71%
C7040,Suits,71%
B3050,Trousers,71%
SW1412,Knitwear,71%
J1073,Outerwear,71%
B3038,Trousers,71%
P7039,Suits,71%
H6731,Shirts,71%
C2060,Blazers,71%
B7180,Suits,71%
B6935,Suits,71%
J812,Outerwear,71%
H9311,Shirts,71%
H9496,Shirts,71%
H7107,Shirts,71%
B3055,Trousers,71%
B3098,Trousers,71%
P8339,Suits,71%
SW1746,Knitwear,71%
H6802,Shirts,71%
H6490,Shirts,71%
P6626,Suits,71%
SW1949,Knitwear,71%
H6491,Shirts,71%
SW1512,Knitwear,71%
B1924,Trousers,71%
SW1514,Knitwear,71%
B25214,Trousers,71%
P6813,Suits,71%
P6441,Suits,71%
P6665,Suits,71%
SW1867,Knitwear,71%
H6301,Shirts,71%
B7329,Suits,71%
SW1419,Knitwear,71%
SW1661,Knitwear,71%
B3064,Trousers,71%
FW14031,Footwear,71%
B1882,Suits,71%
P9445,Suits,71%
J979,Outerwear,71%
B8179,Suits,71%
C2150,Suits,71%
B3091,Trousers,71%
B6701,Suits,71%
P6953,Suits,71%
B1338,Trousers,71%
H6788,Shirts,71%
SW1614,Knitwear,71%
P6810,Suits,71%
BW316,Outerwear,71%
C6894,Suits,71%
P6575,Suits,71%
SW1948,Knitwear,71%
FW14034,Footwear,71%
C1942,Blazers,71%
H6919,Shirts,71%
C7353,Suits,71%
B1871,Trousers,71%
SW1942,Knitwear,71%
B1260,Trousers,71%
B6860,Suits,71%
J834,Outerwear,71%
C25124,Blazers,71%
B2918,Trousers,71%
H7310,Shirts,71%
H6300,Shirts,71%
P7146,Suits,71%
B3066,Trousers,71%
P6823,Suits,71%
P8738,Suits,71%
P6804,Suits,71%
P6663,Suits,71%
J1006,Outerwear,71%
FW14018,Footwear,71%
B1883,Suits,71%
B9353,Suits,71%
B25203,Trousers,71%
C25213,Blazers,71%
C1847,Blazers,71%
B7010,Suits,71%
B7601,Trousers,71%
SW1615,Knitwear,71%
FW1843,Footwear,70%
FW14026,Footwear,70%
C25216,Blazers,70%
C7179,Suits,70%
H7202,Shirts,70%
H7335,Shirts,70%
C25126,Blazers,70%
P6646,Suits,70%
B2015,Trousers,70%
FW14041,Footwear,70%
H7215,Shirts,70%
P6923,Suits,70%
SW1420,Knitwear,70%
B1461,Trousers,70%
SW1963,Knitwear,70%
J1074,Outerwear,70%
H9309,Shirts,70%
P6612,Suits,70%
C24205,Blazers,70%
C24223,Blazers,70%
B3011,Trousers,70%
H6729,Shirts,70%
C23029,Blazers,70%
P6829,Suits,70%
SW1646,Knitwear,70%
SW1527,Knitwear,70%
B3099,Trousers,70%
C1703,Blazers,70%
H6918,Shirts,70%
H6928,Shirts,70%
C2036,Blazers,70%
H7111,Shirts,70%
B1807,Trousers,70%
P6963,Suits,70%
C2103,Blazers,70%
B3033,Trousers,70%
B6735,Suits,70%
H6327,Shirts,70%
P6544,Suits,70%
H7110,Shirts,70%
H7209,Shirts,70%
C1814,Blazers,70%
P6629,Suits,70%
P7000,Suits,70%
H7225,Shirts,70%
BW310,Outerwear,70%
P6554,Suits,70%
P6167,Suits,70%
SW1718,Knitwear,70%
H7222,Shirts,70%
SW1416,Knitwear,70%
P6589,Suits,70%
B1336,Trousers,70%
SW2137,Knitwear,70%
P6830,Suits,70%
P6653,Suits,70%
P6545,Suits,70%
H6891,Shirts,70%
P4763,Suits,70%
B3032,Trousers,70%
H7420,Shirts,70%
FW14043,Footwear,70%
B3092,Trousers,70%
FW14033,Footwear,70%
B1460,Trousers,70%
P6590,Suits,70%
P6893,Suits,70%
SW1417,Knitwear,70%
C1042,Suits,70%
J1056,Outerwear,70%
J926,Outerwear,70%
H7309,Shirts,70%
B960,Suits,70%
J944,Outerwear,70%
W7615,Suits,70%
P6827,Suits,70%
H6706,Shirts,70%
P6434,Suits,70%
C1944,Blazers,70%
B6712,Suits,70%
B8603,Trousers,70%
P9449,Suits,70%
H6402,Shirts,70%
H9219,Shirts,70%
H9295,Shirts,70%
H7429,Shirts,70%
H7201,Shirts,70%
J983,Outerwear,70%
B2299,Suits,70%
SW512,Knitwear,70%
FW1325,Footwear,70%
H6519,Shirts,70%
H6728,Shirts,70%
H6808,Shirts,70%
C1455,Suits,70%
H6786,Shirts,70%
B1891,Trousers,70%
H6401,Shirts,70%
H6732,Shirts,70%
C2101,Blazers,70%
C24222,Blazers,70%
C1670,Suits,70%
P5578,Suits,70%
C24213,Blazers,70%
H7224,Shirts,70%
B3035,Trousers,70%
J916,Outerwear,70%
H6703,Shirts,70%
J1059,Outerwear,70%
P6901,Suits,70%
H7301,Shirts,70%
P6940,Suits,70%
SW1682,Knitwear,70%
B6934,Suits,70%
SW1551,Knitwear,70%
H9390,Shirts,70%
P5294,Suits,70%
H6921,Shirts,70%
P6447,Suits,70%
BW317,Outerwear,70%
SW1729,Knitwear,70%
FW14032,Footwear,70%
FW14020,Footwear,69%
B1380,Trousers,69%
H7314,Shirts,69%
C23026,Blazers,69%
P6587,Suits,69%
B3096,Trousers,69%
CMC62,Blazers,69%
H6931,Shirts,69%
H6908,Shirts,69%
C9354,Suits,69%
P6683,Suits,69%
SW1717,Knitwear,69%
P6604,Suits,69%
H6700,Shirts,69%
BW1308,Outerwear,69%
P6840,Suits,69%
P6802,Suits,69%
FW1310,Footwear,69%
C7191,Suits,69%
P5339,Suits,69%
J1070,Outerwear,69%
P6431,Suits,69%
H6903,Shirts,69%
B3056,Trousers,69%
H6494,Shirts,69%
C6500,Suits,69%
H9235,Shirts,69%
H7326,Shirts,69%
SW1411,Knitwear,69%
C6891,Suits,69%
P7067,Suits,69%
B9465,Suits,69%
SW1427,Knitwear,69%
B1055,Trousers,69%
C24212,Blazers,69%
P9365,Suits,69%
C6501,Suits,69%
H7417,Shirts,69%
P6621,Suits,69%
FW1480,Footwear,69%
H7325,Shirts,69%
SW1536,Knitwear,69%
H9402,Shirts,69%
P6814,Suits,69%
P6536,Suits,69%
B25204,Trousers,69%
H9504,Shirts,69%
H6727,Shirts,69%
H6707,Shirts,69%
SW1811,Knitwear,69%
SW1841,Knitwear,69%
SW2136,Knitwear,69%
B1302,Trousers,69%
P7063,Suits,69%
B3053,Trousers,69%
P6408,Suits,69%
C23024,Blazers,69%
B3054,Trousers,69%
P7122,Suits,69%
FW14025,Footwear,69%
H6352,Shirts,69%
FW1365,Footwear,69%
P9200,Suits,69%
C25201,Blazers,69%
H7312,Shirts,69%
H7226,Shirts,69%
P7037,Suits,69%
H6708,Shirts,69%
H9458,Shirts,69%
J843,Outerwear,69%
FW14044,Footwear,69%
P6383,Suits,69%
H7204,Shirts,69%
J978,Outerwear,69%
CMDJ015,Outerwear,69%
C7181,Suits,69%
C24214,Blazers,69%
B1888,Trousers,69%
SW1650,Knitwear,69%
B1350,Trousers,69%
P6598,Suits,69%
P6622,Suits,69%
H6906,Shirts,69%
B3015,Trousers,69%
C25133,Blazers,69%
H7000,Shirts,69%
H7416,Shirts,69%
B4765,Suits,69%
C1130,Blazers,69%
H7315,Shirts,69%
H9409,Shirts,69%
SW1735,Knitwear,69%
P6606,Suits,69%
C1819,Blazers,69%
H7203,Shirts,69%
SW934,Knitwear,69%
B2901,Trousers,69%
H6409,Shirts,69%
BW1307,Outerwear,69%
P6578,Suits,69%
H6406,Shirts,69%
P6620,Suits,69%
P5968,Suits,69%
H6803,Shirts,69%
B2048,Suits,69%
P6486,Suits,69%
H7336,Shirts,69%
SW1517,Knitwear,69%
H9097,Shirts,69%
SW2133,Knitwear,69%
P6913,Suits,69%
J1014,Outerwear,69%
P6339,Suits,69%
C2071,Blazers,69%
SW2120,Knitwear,68%
H7413,Shirts,68%
H6507,Shirts,68%
H7438,Shirts,68%
B1261,Trousers,68%
P6650,Suits,68%
C1504,Blazers,68%
C6323,Suits,68%
H9111,Shirts,68%
J1062,Outerwear,68%
FW1338,Footwear,68%
H7001,Shirts,68%
P7110,Suits,68%
C2113,Blazers,68%
H7498,Shirts,68%
H6440,Shirts,68%
CMC61,Suits,68%
H7214,Shirts,68%
P7163,Suits,68%
SW1645,Knitwear,68%
P6619,Suits,68%
W6624,Suits,68%
B408,Trousers,68%
SW2134,Knitwear,68%
SW1864,Knitwear,68%
FW1488,Footwear,68%
C23021,Suits,68%
W7179,Suits,68%
FW14039,Footwear,68%
J1052,Outerwear,68%
H6600,Shirts,68%
H6766,Shirts,68%
SW2131,Knitwear,68%
P5558,Suits,68%
J1058,Outerwear,68%
B9445,Suits,68%
FW14016,Footwear,68%
C2114,Blazers,68%
FW1343,Footwear,68%
C2115,Blazers,68%
P5335,Suits,68%
C1928,Blazers,68%
P6812,Suits,68%
B1821,Trousers,68%
P6560,Suits,68%
BW200,Outerwear,68%
H6701,Shirts,68%
H6520,Shirts,68%
P8365,Suits,68%
FW14040,Footwear,68%
SW2128,Knitwear,68%
B1890,Trousers,68%
P6733,Suits,68%
B8601,Trousers,68%
B2149,Suits,68%
H6804,Shirts,68%
SW2135,Knitwear,68%
H6883,Shirts,68%
SW2132,Knitwear,68%
P6958,Suits,68%
FW1359,Footwear,68%
H6884,Shirts,68%
B25213,Trousers,68%
P6588,Suits,68%
B25201,Trousers,68%
SW2158,Knitwear,68%
B1419,Trousers,68%
H6831,Shirts,68%
P6680,Suits,68%
C6765,Suits,68%
B3018,Trousers,68%
SW1938,Knitwear,68%
C6502,Suits,68%
B2911,Trousers,68%
P6801,Suits,68%
J774,Outerwear,68%
BW313,Outerwear,68%
P5555,Suits,68%
H6926,Shirts,68%
H7426,Shirts,68%
H6905,Shirts,68%
SW1734,Knitwear,68%
P5293,Suits,68%
C2012,Blazers,68%
B1853,Trousers,68%
SW2129,Knitwear,68%
B2009,Trousers,68%
C2010,Blazers,68%
SW1640,Knitwear,68%
SW2119,Knitwear,68%
B6861,Suits,68%
B1886,Trousers,68%
P7200,Suits,68%
C2105,Blazers,68%
B1418,Trousers,68%
B9449,Suits,68%
FW14049,Footwear,68%
P7629,Suits,68%
H7432,Shirts,68%
P6638,Suits,68%
J1001,Outerwear,68%
H6800,Shirts,68%
B3097,Trousers,68%
B6852,Suits,68%
BW307,Outerwear,68%
P6991,Suits,68%
C7180,Suits,68%
H6920,Shirts,68%
P6406,Suits,68%
B4015,Trousers,68%
FW1339,Footwear,68%
SW1866,Knitwear,68%
C2030,Blazers,68%
H5570,Shirts,68%
B2148,Suits,68%
H6705,Shirts,67%
FW1333,Footwear,67%
SW1937,Knitwear,67%
BW190,Outerwear,67%
SW1936,Knitwear,67%
J936,Outerwear,67%
H6608,Shirts,67%
P6502,Suits,67%
H6302,Shirts,67%
CMDH003,Shirts,67%
SW2150,Knitwear,67%
H6890,Shirts,67%
B6323,Suits,67%
J1040,Outerwear,67%
J982,Outerwear,67%
FW1332,Footwear,67%
H6730,Shirts,67%
C6861,Suits,67%
C2038,Blazers,67%
P6528,Suits,67%
SW2130,Knitwear,67%
B25207,Trousers,67%
P6941,Suits,67%
P6592,Suits,67%
SW1946,Knitwear,67%
P7167,Suits,67%
P6670,Suits,67%
B2917,Trousers,67%
P7738,Suits,67%
P6152,Suits,67%
J935,Outerwear,67%
SW2121,Knitwear,67%
B2003,Trousers,67%
B6602,Suits,67%
P6740,Suits,67%
J1077,Outerwear,67%
P6153,Suits,67%
H6500,Shirts,67%
C6603,Suits,67%
H6407,Shirts,67%
P6727,Suits,67%
B6639,Suits,67%
B25212,Trousers,67%
BW191,Outerwear,67%
C6329,Suits,67%
SW1320,Knitwear,67%
J1038,Outerwear,67%
H6614,Shirts,67%
C2102,Blazers,67%
B3060,Trousers,67%
SW1862,Knitwear,67%
BW308,Outerwear,67%
J180,Outerwear,67%
SWP2044,Knitwear,67%
P6574,Suits,67%
P6540,Suits,67%
P6362,Suits,67%
B8602,Trousers,67%
C230216,Blazers,67%
J1079,Outerwear,67%
H6405,Shirts,67%
FW14047,Footwear,67%
B1885,Trousers,67%
SW1953,Knitwear,67%
P7047,Suits,67%
P6734,Suits,67%
B778,Trousers,67%
H7392,Shirts,67%
B1422,Trousers,67%
W7608,Suits,67%
P6579,Suits,67%
C7022,Suits,67%
B6853,Suits,67%
BW180,Outerwear,67%
J1009,Outerwear,67%
B1887,Trousers,67%
SW1939,Knitwear,67%
FW1842,Footwear,67%
J1037,Outerwear,67%
P6446,Suits,67%
SW1616,Knitwear,67%
H6907,Shirts,67%
B1889,Trousers,66%
FW1303,Footwear,66%
C2006,Blazers,66%
C1843,Blazers,66%
SW1940,Knitwear,66%
B1989,Suits,66%
B6183,Suits,66%
J493,Outerwear,66%
B1259,Trousers,66%
P7065,Suits,66%
B1839,Trousers,66%
FW1312,Footwear,66%
C6183,Suits,66%
C25134,Blazers,66%
C1815,Blazers,66%
H7216,Shirts,66%
B3025,Trousers,66%
C3046,Blazers,66%
C2107,Blazers,66%
FW1358,Footwear,66%
C1922,Blazers,66%
FW14048,Footwear,66%
FW1481,Footwear,66%
J940,Outerwear,66%
FW14042,Footwear,66%
W6420,Suits,66%
B3082,Trousers,66%
FW1872,Footwear,66%
C2299,Suits,66%
B1925,Trousers,66%
H6801,Shirts,66%
J977,Outerwear,66%
C25206,Blazers,66%
P7049,Suits,66%
J1078,Outerwear,66%
C25137,Blazers,66%
P7164,Suits,66%
C2040,Blazers,66%
J943,Outerwear,66%
C2104,Blazers,66%
H6704,Shirts,66%
B1912,Trousers,66%
H6830,Shirts,66%
J953,Outerwear,66%
H6892,Shirts,66%
SW1314,Knitwear,66%
H9392,Shirts,66%
B768,Suits,66%
H7002,Shirts,66%
P6200,Suits,66%
C1921,Blazers,66%
P6962,Suits,66%
B3000,Trousers,66%
C2005,Blazers,66%
H6927,Shirts,66%
P6591,Suits,66%
BW181,Outerwear,66%
TS042,Knitwear,66%
P7100,Suits,66%
P7020,Suits,66%
SW1863,Knitwear,66%
J1012,Outerwear,66%
H7217,Shirts,66%
H9296,Shirts,66%
J1065,Outerwear,66%
C6428,Suits,66%
P7650,Suits,66%
P6725,Suits,66%
C23023,Blazers,66%
B3036,Trousers,66%
FW1845,Footwear,66%
SW1706,Knitwear,66%
C1905,Blazers,66%
H7430,Shirts,66%
FW1347,Footwear,66%
P6424,Suits,66%
C23027,Blazers,66%
P7101,Suits,66%
P6826,Suits,65%
SW1627,Knitwear,65%
H7437,Shirts,65%
H6303,Shirts,65%
FW14037,Footwear,65%
FW14050,Footwear,65%
P7066,Suits,65%
SW821,Knitwear,65%
BW300,Outerwear,65%
H6505,Shirts,65%
B4499,Suits,65%
H6893,Shirts,65%
H6605,Shirts,65%
SW1077,Knitwear,65%
C1923,Blazers,65%
B1421,Trousers,65%
C25135,Blazers,65%
SW1719,Knitwear,65%
P6218,Suits,65%
J968,Outerwear,65%
B395,Trousers,65%
C2032,Blazers,65%
J963,Outerwear,65%
FW14001,Footwear,65%
C6503,Suits,65%
J976,Outerwear,65%
P9559,Suits,65%
C6672,Suits,65%
P6541,Suits,65%
H6880,Shirts,65%
B1332,Trousers,65%
P6610,Suits,65%
J981,Outerwear,65%
B6186,Suits,65%
H6503,Shirts,65%
B1884,Trousers,65%
C2110,Blazers,65%
FW1345,Footwear,65%
C2037,Blazers,65%
H6501,Shirts,65%
BW203,Outerwear,65%
J941,Outerwear,65%
C1927,Blazers,65%
H7207,Shirts,65%
J1010,Outerwear,64%
P6377,Suits,64%
B3101,Trousers,64%
W7180,Suits,64%
J1076,Outerwear,64%
SW1745,Knitwear,64%
P5768,Suits,64%
B1931,Trousers,64%
C24225,Blazers,64%
J950,Outerwear,64%
C1924,Blazers,64%
H7411,Shirts,64%
C2052,Blazers,64%
B6702,Suits,64%
B3048,Trousers,64%
P6726,Suits,64%
B7670,Suits,64%
H6904,Shirts,64%
H6887,Shirts,64%
SW1557,Knitwear,64%
BW324,Outerwear,64%
J933,Outerwear,64%
B3010,Trousers,64%
H6726,Shirts,64%
J1101,Outerwear,64%
P6238,Suits,64%
SW1724,Knitwear,64%
H6702,Shirts,64%
H4861,Shirts,64%
P6519,Suits,64%
H6512,Shirts,64%
FW14051,Footwear,64%
P6915,Suits,64%
C25214,Blazers,64%
C1932,Blazers,64%
C230219,Blazers,64%
P6374,Suits,64%
C1925,Blazers,64%
H6809,Shirts,64%
H7412,Shirts,64%
P6419,Suits,64%
B3049,Trousers,64%
J945,Outerwear,64%
BW314,Outerwear,64%
P6004,Suits,64%
B3009,Trousers,64%
C962,Blazers,64%
C777,Blazers,64%
C24201,Blazers,64%
BW305,Outerwear,64%
C25215,Blazers,64%
SW1282,Knitwear,64%
J942,Outerwear,64%
P6407,Suits,64%
C24203,Blazers,63%
SW1442,Knitwear,63%
BW321,Outerwear,63%
P6130,Suits,63%
C2043,Blazers,63%
H6885,Shirts,63%
H5701,Shirts,63%
SW772,Knitwear,63%
C25132,Blazers,63%
B1932,Trousers,63%
P6057,Suits,63%
C2002,Blazers,63%
J1011,Outerwear,63%
SW1430,Knitwear,63%
P6365,Suits,63%
SW945,Knitwear,63%
W7323,Suits,63%
P6505,Suits,63%
C2108,Blazers,63%
J1002,Outerwear,63%
P6378,Suits,63%
H5014,Shirts,63%
P6418,Suits,63%
J939,Outerwear,63%
C6192,Suits,63%
B1933,Trousers,63%
J810,Outerwear,63%
B7735,Suits,63%
B1054,Trousers,63%
H6785,Shirts,63%
P7166,Suits,63%
BW322,Outerwear,63%
B3027,Trousers,63%
W6000,Suits,63%
SWJ03,Knitwear,63%
B3008,Trousers,63%
FW1707,Footwear,63%
FW14035,Footwear,63%
H5415,Shirts,63%
B1408,Trousers,63%
C24226,Blazers,63%
H5280,Shirts,63%
P6652,Suits,63%
FW1334,Footwear,63%
P6442,Suits,63%
SW862,Knitwear,63%
J1055,Outerwear,63%
B1407,Trousers,63%
C1906,Blazers,63%
FW14052,Footwear,62%
FW1489,Footwear,62%
FW14023,Footwear,62%
FW1020,Footwear,62%
FW1003,Footwear,62%
C23028,Blazers,62%
B6765,Suits,62%
BW303,Outerwear,62%
C6601,Suits,62%
J709,Outerwear,62%
SW1651,Knitwear,62%
B1309,Trousers,62%
C230218,Blazers,62%
P5119,Suits,62%
P6597,Suits,62%
P8430,Suits,62%
H6721,Shirts,62%
C2004,Blazers,62%
H7499,Shirts,62%
P7060,Suits,62%
SW1635,Knitwear,62%
B3026,Trousers,62%
J1066,Outerwear,62%
J952,Outerwear,62%
P6509,Suits,62%
P6517,Suits,62%
B6674,Suits,62%
C24224,Blazers,62%
P7165,Suits,62%
C25205,Blazers,62%
P6069,Suits,62%
C1706,Blazers,62%
P6133,Suits,62%
C24209,Blazers,62%
SW1415,Knitwear,62%
H6243,Shirts,62%
B1404,Trousers,62%
FW1304,Footwear,62%
H6517,Shirts,62%
J1080,Outerwear,62%
SW1511,Knitwear,62%
H6784,Shirts,62%
FW1844,Footwear,62%
B760,Trousers,62%
H6640,Shirts,62%
FW1337,Footwear,62%
P6605,Suits,62%
C23022,Blazers,62%
J1042,Outerwear,62%
J932,Outerwear,62%
H6881,Shirts,62%
B1423,Trousers,62%
J470,Outerwear,62%
FW1005,Footwear,61%
P6208,Suits,61%
C4760,Suits,61%
P6032,Suits,61%
B1823,Trousers,61%
H6092,Shirts,61%
J938,Outerwear,61%
B1867,Trousers,61%
B470,Trousers,61%
H9411,Shirts,61%
SP051,Knitwear,61%
H6641,Shirts,61%
FW14021,Footwear,61%
FW1841,Footwear,61%
SW797,Knitwear,61%
P6308,Suits,61%
BW204,Outerwear,61%
SW1114,Knitwear,61%
SW1526,Knitwear,61%
B1930,Trousers,61%
B1824,Trousers,61%
B1253,Trousers,61%
P7151,Suits,61%
P5907,Suits,61%
BW186,Outerwear,61%
SW773,Knitwear,61%
B3014,Trousers,61%
B731,Trousers,61%
FW14005,Footwear,61%
SW1522,Knitwear,61%
SP050,Knitwear,61%
B1919,Trousers,61%
P5982,Suits,61%
FW1360,Footwear,61%
SW1321,Knitwear,61%
SW1432,Knitwear,61%
SW1628,Knitwear,61%
B1893,Trousers,61%
C1936,Blazers,61%
J1043,Outerwear,61%
C6602,Suits,61%
FW14010,Footwear,60%
J937,Outerwear,60%
C23025,Blazers,60%
B1410,Trousers,60%
H6043,Shirts,60%
SW1680,Knitwear,60%
C2039,Blazers,60%
C1931,Blazers,60%
J951,Outerwear,60%
J1017,Outerwear,60%
P7430,Suits,60%
P6914,Suits,60%
SW1553,Knitwear,60%
FW1000,Footwear,60%
H6473,Shirts,60%
B1072,Suits,60%
B1812,Trousers,60%
B1204,Trousers,60%
P5778,Suits,60%
H6506,Shirts,60%
B1415,Trousers,60%
SP052,Knitwear,60%
TS142,Knitwear,60%
H5186,Shirts,60%
J1035,Outerwear,60%
B1411,Trousers,60%
BW206,Outerwear,60%
FW14038,Footwear,60%
H9019,Shirts,60%
P5579,Suits,60%
SW1521,Knitwear,60%
H6616,Shirts,60%
J1005,Outerwear,60%
W6404,Suits,60%
B1868,Trousers,60%
J831,Outerwear,60%
P5229,Suits,60%
BW320,Outerwear,60%
B1412,Trousers,60%
J967,Outerwear,60%
BW301,Outerwear,60%
H6912,Shirts,60%
FW1007,Footwear,60%
SW1283,Knitwear,60%
B1413,Trousers,59%
P6452,Suits,59%
P6816,Suits,59%
P6809,Suits,59%
B1863,Trousers,59%
FW1001,Footwear,59%
P6723,Suits,59%
CMB60,Suits,59%
SW968,Knitwear,59%
H4848,Shirts,59%
P6336,Suits,59%
SWIM018,Trousers,59%
H6197,Shirts,59%
P5403,Suits,59%
B3030,Trousers,59%
P6684,Suits,59%
FW14022,Footwear,59%
FW151161,Footwear,59%
FW1367,Footwear,59%
FW1004,Footwear,59%
H5791,Shirts,59%
J1064,Outerwear,59%
BW323,Outerwear,59%
J1046,Outerwear,59%
FW1002,Footwear,59%
FW1327,Footwear,59%
SW1435,Knitwear,59%
J965,Outerwear,59%
B3061,Trousers,59%
J975,Outerwear,59%
P7632,Suits,59%
P2881,Suits,59%
C230217,Blazers,59%
B1409,Trousers,59%
P7073,Suits,59%
P6436,Suits,59%
B2012,Trousers,59%
P6269,Suits,59%
C1854,Blazers,59%
BW302,Outerwear,59%
B3004,Trousers,58%
BW205,Outerwear,58%
SW1542,Knitwear,58%
P2793,Suits,58%
BW192,Outerwear,58%
P6854,Suits,58%
B5564,Suits,58%
SW903,Knitwear,58%
B1847,Trousers,58%
J1015,Outerwear,58%
FW1708,Footwear,58%
P5355,Suits,58%
P6710,Suits,58%
C2073,Blazers,58%
B700,Trousers,58%
B1829,Trousers,58%
B1878,Trousers,58%
J923,Outerwear,58%
FW1855,Footwear,58%
B1226,Trousers,58%
FW14045,Footwear,58%
C768,Suits,58%
H5159,Shirts,58%
W6528,Suits,58%
FW1315,Footwear,58%
B3013,Trousers,58%
B1417,Trousers,58%
P2948,Suits,58%
C2003,Blazers,58%
B1861,Trousers,58%
J986,Outerwear,58%
B1903,Trousers,58%
B1815,Trousers,58%
H9017,Shirts,58%
P6035,Suits,58%
P6654,Suits,58%
P5617,Suits,58%
P5782,Suits,58%
C2001,Blazers,57%
P6490,Suits,57%
J964,Outerwear,57%
FW1710,Footwear,57%
P6492,Suits,57%
P4716,Suits,57%
J919,Outerwear,57%
J826,Outerwear,57%
H4390,Shirts,57%
P6239,Suits,57%
BW312,Outerwear,57%
P6266,Suits,57%
C25207,Blazers,57%
J793,Outerwear,57%
P5614,Suits,57%
SW1523,Knitwear,57%
P6649,Suits,57%
P5680,Suits,57%
P6409,Suits,57%
FW1307,Footwear,57%
H9256,Shirts,57%
FW1320,Footwear,57%
P6230,Suits,57%
P3201,Suits,57%
SW1335,Knitwear,57%
P5769,Suits,57%
P3648,Suits,57%
CT6760,Suits,56%
B2013,Trousers,56%
H6242,Shirts,56%
SW1310,Knitwear,56%
C25210,Blazers,56%
H6093,Shirts,56%
FW1478,Footwear,56%
SW1544,Knitwear,56%
J792,Outerwear,56%
FW1368,Footwear,56%
FW1701,Footwear,56%
SW1422,Knitwear,56%
P6430,Suits,56%
SW1124,Knitwear,56%
P3472,Suits,56%
J900,Outerwear,56%
B1225,Suits,56%
C1460,Suits,56%
BW309,Outerwear,56%
SW1816,Knitwear,56%
P6493,Suits,56%
H9119,Shirts,56%
H9002,Shirts,56%
BW193,Outerwear,56%
FW1305,Footwear,56%
H6516,Shirts,56%
P6682,Suits,56%
H5992,Shirts,56%
SW11,Knitwear,56%
P6425,Suits,56%
FW1873,Footwear,56%
SW1516,Knitwear,56%
P6216,Suits,56%
B1318,Trousers,56%
TS028,Knitwear,56%
H6472,Shirts,56%
SW1723,Knitwear,56%
P6132,Suits,56%
J985,Outerwear,56%
H4392,Shirts,56%
J961,Outerwear,56%
P6421,Suits,56%
P6233,Suits,56%
B6180,Suits,56%
FW1415,Footwear,56%
H5404,Shirts,56%
H5944,Shirts,55%
J1041,Outerwear,55%
C1910,Blazers,55%
B1328,Trousers,55%
SW1436,Knitwear,55%
H5940,Shirts,55%
C1671,Blazers,55%
J1033,Outerwear,55%
SW836,Knitwear,55%
B1357,Trousers,55%
H4697,Shirts,55%
H5708,Shirts,55%
P6158,Suits,55%
J635,Outerwear,55%
FW1322,Footwear,55%
SW1332,Knitwear,55%
B6066,Suits,55%
C1920,Blazers,55%
P6413,Suits,55%
FW161868,Footwear,55%
B376,Trousers,55%
J1063,Outerwear,55%
SW1286,Knitwear,55%
SW1224,Knitwear,55%
B402,Trousers,55%
J1054,Outerwear,54%
C1732,Blazers,54%
FW1321,Footwear,54%
SW1441,Knitwear,54%
SW1452,Knitwear,54%
SWJ05,Knitwear,54%
J1047,Outerwear,54%
P6651,Suits,54%
P5673,Suits,54%
J1048,Outerwear,54%
P6426,Suits,54%
FW1309,Footwear,54%
C2009,Blazers,54%
P5709,Suits,54%
J946,Outerwear,54%
BW304,Outerwear,54%
P4657,Suits,54%
H6418,Shirts,54%
SP047,Knitwear,54%
P5758,Suits,54%
P4089,Suits,54%
C1832,Blazers,54%
C1800,Blazers,53%
SW636,Knitwear,53%
B1124,Trousers,53%
P6315,Suits,53%
SW1550,Knitwear,53%
C6066,Suits,53%
SW753,Knitwear,53%
H6601,Shirts,53%
SW1121,Knitwear,53%
SW954,Knitwear,53%
SW877,Knitwear,53%
BW161,Outerwear,53%
B3007,Trousers,53%
FW1500,Footwear,53%
SW880,Knitwear,53%
FW1308,Footwear,53%
B1346,Trousers,53%
H6192,Shirts,53%
C2070,Blazers,53%
P6360,Suits,53%
BT1412,Trousers,53%
C2015,Blazers,53%
B1836,Trousers,53%
J404,Outerwear,53%
C2013,Blazers,53%
B1330,Trousers,53%
C1962,Blazers,53%
B1881,Trousers,53%
P6326,Suits,53%
H4015,Shirts,53%
FW1314,Footwear,53%
P6427,Suits,53%
P5620,Suits,53%
SW788,Knitwear,53%
FW1472,Footwear,53%
SW1319,Knitwear,52%
SW1216,Knitwear,52%
SW1312,Knitwear,52%
FW1346,Footwear,52%
J1004,Outerwear,52%
P6242,Suits,52%
H4902,Shirts,52%
SW925,Knitwear,52%
SW2124,Knitwear,52%
BW803,Outerwear,52%
P6699,Suits,52%
J918,Outerwear,52%
FW1301,Footwear,52%
C2111,Blazers,52%
B1258,Trousers,52%
H6611,Shirts,52%
SW556,Knitwear,52%
H9117,Shirts,52%
B1908,Trousers,52%
B1877,Trousers,52%
P5704,Suits,52%
C1851,Blazers,51%
B2002,Trousers,51%
SW301,Knitwear,51%
C6179,Suits,51%
B6899,Suits,51%
P6329,Suits,51%
SWJ04,Knitwear,51%
P6092,Suits,51%
SW1280,Knitwear,51%
SW633,Knitwear,51%
W210200,Suits,51%
SW1057,Knitwear,51%
SW807,Knitwear,51%
B1301,Trousers,51%
B1833,Trousers,51%
H4119,Shirts,51%
SW827,Knitwear,51%
SW964,Knitwear,51%
P6384,Suits,51%
SW1448,Knitwear,51%
SW483,Knitwear,51%
B1331,Trousers,51%
P5708,Suits,51%
SW1126,Knitwear,51%
C1801,Blazers,50%
SWIM015,Trousers,50%
C6181,Suits,50%
H5794,Shirts,50%
P6156,Suits,50%
H5183,Shirts,50%
C2034,Blazers,50%
SW653,Knitwear,50%
SW963,Knitwear,50%
B6265,Suits,50%
B1339,Trousers,50%
SW1700,Knitwear,50%
P6241,Suits,50%
P6361,Suits,50%
B1837,Trousers,50%
TS049,Knitwear,50%
P5158,Suits,50%
P6096,Suits,50%
SW873,Knitwear,50%
FW1857,Footwear,50%
SW1044,Knitwear,50%
C1934,Blazers,50%
J966,Outerwear,50%
C1719,Blazers,50%
SW1252,Knitwear,50%
SWJ02,Knitwear,50%
P5777,Suits,49%
SW1122,Knitwear,49%
P4304,Suits,49%
FW1475,Footwear,49%
B1303,Trousers,49%
P6318,Suits,49%
C4765,Suits,49%
H6015,Shirts,49%
H6502,Shirts,49%
H6087,Shirts,49%
H5292,Shirts,49%
SW1703,Knitwear,49%
FW1402,Footwear,49%
P4068,Suits,49%
SW1014,Knitwear,49%
H5505,Shirts,49%
SW1063,Knitwear,49%
SW1120,Knitwear,49%
P4071,Suits,49%
SW507,Knitwear,49%
B1256,Trousers,49%
J947,Outerwear,49%
P6157,Suits,49%
P6006,Suits,49%
P6168,Suits,49%
P6162,Suits,49%
SW578,Knitwear,49%
H9061,Shirts,48%
H5994,Shirts,48%
SW1552,Knitwear,48%
H6153,Shirts,48%
FW1425,Footwear,48%
H6681,Shirts,48%
FW1854,Footwear,48%
B5635,Suits,48%
P5672,Suits,48%
H4951,Shirts,48%
CMB62,Trousers,48%
J825,Outerwear,48%
SW1434,Knitwear,48%
P6415,Suits,48%
H5149,Shirts,48%
H6725,Shirts,48%
W7000,Suits,48%
BW188,Outerwear,48%
B7001,Suits,48%
SW1084,Knitwear,48%
P1999,Suits,48%
W6612,Suits,48%
H5763,Shirts,48%
H9004,Shirts,48%
H6341,Shirts,48%
W200101,Suits,48%
SW1712,Knitwear,48%
B1248,Trousers,48%
SW1072,Knitwear,48%
SW861,Knitwear,48%
FW1354,Footwear,48%
J520,Outerwear,48%
SW1447,Knitwear,48%
H9035,Shirts,48%
P6022,Suits,48%
P6017,Suits,48%
B1822,Trousers,47%
J920,Outerwear,47%
P6328,Suits,47%
H9091,Shirts,47%
B1059,Trousers,47%
P6416,Suits,47%
SW495,Knitwear,47%
H6474,Shirts,47%
J913,Outerwear,47%
P6036,Suits,47%
H6096,Shirts,47%
P6491,Suits,47%
J560,Outerwear,47%
W200100,Blazers,47%
SW755,Knitwear,47%
H671,Shirts,47%
C1472,Blazers,47%
P6215,Suits,47%
P5684,Suits,47%
H5531,Shirts,47%
B1874,Trousers,47%
FW14011,Footwear,47%
SW1005,Knitwear,47%
P6018,Suits,47%
B1252,Trousers,47%
C1301,Blazers,47%
H5889,Shirts,47%
C8353,Suits,46%
H5640,Shirts,46%
TS029,Knitwear,46%
B817,Trousers,46%
H6346,Shirts,46%
P5991,Suits,46%
P5535,Suits,46%
P6231,Suits,46%
H5761,Shirts,46%
SW970,Knitwear,46%
P2500,Suits,46%
P5353,Suits,46%
SW832,Knitwear,46%
B1379,Trousers,46%
H5725,Shirts,46%
H4388,Shirts,46%
B1324,Trousers,46%
FW1463,Footwear,46%
P6082,Suits,46%
SW1219,Knitwear,46%
H6009,Shirts,46%
C1818,Blazers,46%
P6405,Suits,46%
FW1403,Footwear,46%
SWIM025,Trousers,46%
FW1355,Footwear,46%
H5936,Shirts,46%
C1451,Suits,46%
P6046,Suits,46%
J915,Outerwear,46%
P6033,Suits,46%
P6373,Suits,46%
H4947,Shirts,46%
B176,Trousers,46%
B6262,Suits,46%
SW486,Knitwear,46%
H5860,Shirts,46%
B1113,Trousers,46%
B1862,Trousers,45%
SW1043,Knitwear,45%
H9022,Shirts,45%
B6058,Suits,45%
P6596,Suits,45%
H6749,Shirts,45%
H2694,Shirts,45%
C6429,Suits,45%
FW1858,Footwear,45%
P6187,Suits,45%
SW1239,Knitwear,45%
SW882,Knitwear,45%
B4771,Suits,45%
H6712,Shirts,45%
C6186,Suits,45%
SWIM022,Trousers,45%
SW1341,Knitwear,45%
B5723,Suits,45%
P6243,Suits,45%
SW1480,Knitwear,45%
SWIM013,Trousers,45%
H9108,Shirts,45%
B1347,Trousers,45%
SW837,Knitwear,45%
H6618,Shirts,45%
SWIM024,Trousers,45%
P6524,Suits,45%
BW194,Outerwear,45%
B1341,Trousers,45%
B1818,Trousers,45%
H5908,Shirts,45%
C1938,Blazers,45%
H9005,Shirts,45%
P5910,Suits,45%
J1081,Outerwear,44%
H9026,Shirts,44%
SW1103,Knitwear,44%
FW1405,Footwear,44%
P6410,Suits,44%
C1909,Blazers,44%
FW1030,Footwear,44%
B1816,Trousers,44%
B1151,Suits,44%
J922,Outerwear,44%
SW1217,Knitwear,44%
P5728,Suits,44%
H6357,Shirts,44%
B112,Trousers,44%
H5696,Shirts,44%
FW1859,Footwear,44%
SW892,Knitwear,44%
P6139,Suits,44%
FW1336,Footwear,44%
H5913,Shirts,44%
H5642,Shirts,44%
P5932,Suits,44%
SWIM014,Trousers,44%
H9209,Shirts,44%
SW975,Knitwear,44%
FW1300,Footwear,44%
SW1039,Knitwear,44%
B6065,Suits,44%
P6437,Suits,44%
P5409,Suits,44%
B6263,Suits,43%
P6412,Suits,43%
FW131510,Footwear,43%
H5545,Shirts,43%
P4715,Suits,43%
SW1062,Knitwear,43%
TS005,Knitwear,43%
B1378,Trousers,43%
P6056,Suits,43%
SW809,Knitwear,43%
P6488,Suits,43%
P6103,Suits,43%
P4535,Suits,43%
H6746,Shirts,43%
SW865,Knitwear,43%
B296,Trousers,43%
SW635,Knitwear,43%
H6515,Shirts,43%
H6245,Shirts,43%
FW1404,Footwear,43%
B1240,Trousers,43%
SW977,Knitwear,43%
H6741,Shirts,43%
FW1018,Footwear,43%
SW923,Knitwear,43%
H6750,Shirts,43%
SW794,Knitwear,43%
P6225,Suits,43%
SWIM009,Trousers,43%
FW1849,Footwear,43%
H6107,Shirts,43%
SW489,Knitwear,43%
SW969,Knitwear,43%
P2505,Suits,43%
H9044,Shirts,43%
B1325,Trousers,43%
P199,Suits,43%
P5992,Suits,43%
C1828,Blazers,43%
B1056,Trousers,43%
P6221,Suits,42%
FW1330,Footwear,42%
P6353,Suits,42%
H6757,Shirts,42%
P5776,Suits,42%
P6274,Suits,42%
C1648,Blazers,42%
H9090,Shirts,42%
H6753,Shirts,42%
FW1846,Footwear,42%
TS148,Knitwear,42%
H6751,Shirts,42%
C1903,Blazers,42%
TS045,Knitwear,42%
H6747,Shirts,42%
P4867,Suits,42%
P6561,Suits,42%
C230221,Blazers,42%
FW1362,Footwear,42%
B1111,Trousers,42%
H5158,Shirts,42%
SW1000,Knitwear,42%
P5671,Suits,42%
H6119,Shirts,42%
H6762,Shirts,42%
FW1341,Footwear,42%
H6319,Shirts,42%
B6201,Suits,42%
SW866,Knitwear,42%
C1850,Blazers,42%
SW1429,Knitwear,42%
SW1214,Knitwear,42%
H6748,Shirts,42%
FW1019,Footwear,42%
FW1485,Footwear,42%
SW800,Knitwear,42%
SWIM008,Trousers,42%
SW1331,Knitwear,42%
P5420,Suits,41%
B818,Trousers,41%
FW1461,Footwear,41%
P3555,Suits,41%
SW761,Knitwear,41%
H5188,Shirts,41%
H6744,Shirts,41%
H5892,Shirts,41%
H6144,Shirts,41%
P5438,Suits,41%
H5144,Shirts,41%
P5741,Suits,41%
J622,Outerwear,41%
H5922,Shirts,41%
SW947,Knitwear,41%
FW1331,Footwear,41%
SW558,Knitwear,41%
C1267,Blazers,41%
SW1211,Knitwear,41%
P5473,Suits,41%
P4532,Suits,41%
SW1018,Knitwear,41%
SW1663,Knitwear,41%
H6393,Shirts,41%
H6004,Shirts,41%
SW251,Knitwear,41%
H5508,Shirts,41%
FW1335,Footwear,41%
B788,Trousers,41%
P6080,Suits,41%
H5518,Shirts,41%
B1826,Trousers,41%
P6113,Suits,41%
FW1349,Footwear,41%
C1600,Blazers,40%
C1213,Blazers,40%
FW1326,Footwear,40%
W200203,Suits,40%
SP049,Knitwear,40%
H6759,Shirts,40%
H3490,Shirts,40%
SW830,Knitwear,40%
SW881,Knitwear,40%
J630,Outerwear,40%
H6420,Shirts,40%
H5522,Shirts,40%
H9010,Shirts,40%
H5512,Shirts,40%
P5962,Suits,40%
P6047,Suits,40%
P5946,Suits,40%
P6131,Suits,40%
SW1222,Knitwear,40%
B766,Trousers,40%
SW637,Knitwear,40%
SWIM023,Trousers,40%
SW806,Knitwear,40%
H2675,Shirts,40%
J909,Outerwear,40%
SW1015,Knitwear,40%
FW165251,Footwear,39%
SW751,Knitwear,39%
SWIM007,Trousers,39%
H5960,Shirts,39%
J708,Outerwear,39%
H6040,Shirts,39%
SW503,Knitwear,39%
B1367,Trousers,39%
FW1870,Footwear,39%
C1841,Blazers,39%
P5516,Suits,39%
H5168,Shirts,39%
B1283,Trousers,39%
C1327,Blazers,39%
SW1438,Knitwear,39%
P5400,Suits,39%
P6112,Suits,39%
H9011,Shirts,39%
B763,Trousers,39%
C1204,Blazers,39%
SW906,Knitwear,39%
SW815,Knitwear,39%
BW802,Outerwear,39%
B911,Trousers,39%
FW1459,Footwear,39%
P6432,Suits,39%
C5564,Suits,39%
B1015,Trousers,39%
FW171271,Footwear,39%
P6229,Suits,39%
J608,Outerwear,39%
B1254,Trousers,39%
B1243,Trousers,39%
H5963,Shirts,39%
SW812,Knitwear,39%
B1313,Trousers,39%
H6141,Shirts,39%
B1280,Suits,39%
SW1284,Knitwear,39%
FW14002,Footwear,39%
FW151264,Footwear,39%
H5402,Shirts,39%
SW566,Knitwear,39%
P6067,Suits,38%
P5775,Suits,38%
P6330,Suits,38%
SWIM029,Trousers,38%
SW1054,Knitwear,38%
B237,Trousers,38%
SW810,Knitwear,38%
P6001,Suits,38%
SW1017,Knitwear,38%
FW1903,Footwear,38%
P6019,Suits,38%
SW1006,Knitwear,38%
P4829,Suits,38%
SW1232,Knitwear,38%
P6015,Suits,38%
H6602,Shirts,38%
FW1427,Footwear,38%
B1852,Trousers,38%
SW951,Knitwear,38%
P6453,Suits,38%
FW1029,Footwear,38%
SW1049,Knitwear,38%
H5942,Shirts,38%
H5914,Shirts,38%
B1010,Trousers,38%
P5650,Suits,38%
B1802,Trousers,38%
FW1409,Footwear,38%
H5795,Shirts,38%
H6250,Shirts,38%
SW1002,Knitwear,38%
FW1352,Footwear,38%
H9014,Shirts,38%
FW1406,Footwear,38%
J901,Outerwear,38%
H5935,Shirts,38%
SW1340,Knitwear,38%
SW1227,Knitwear,38%
SP033,Knitwear,37%
FW1028,Footwear,37%
SW494,Knitwear,37%
SW1234,Knitwear,37%
B412,Trousers,37%
CT1819,Blazers,37%
P4249,Suits,37%
H4502,Shirts,37%
FW168130,Footwear,37%
SW801,Knitwear,37%
C1845,Blazers,37%
H5249,Shirts,37%
SW1220,Knitwear,37%
SW442,Knitwear,37%
SW1004,Knitwear,37%
P5904,Suits,37%
C1503,Blazers,37%
H5787,Shirts,37%
SW1061,Knitwear,37%
B1155,Trousers,37%
FW1104,Footwear,37%
P6138,Suits,37%
H6129,Shirts,37%
SW799,Knitwear,37%
P6213,Suits,37%
P4072,Suits,37%
B1255,Trousers,37%
FW165136,Footwear,37%
H4898,Shirts,37%
H6419,Shirts,37%
H5651,Shirts,37%
P6320,Suits,37%
J814,Outerwear,37%
SW1424,Knitwear,37%
SW786,Knitwear,37%
B384,Trousers,36%
B409,Trousers,36%
B710,Trousers,36%
H6417,Shirts,36%
C1601,Blazers,36%
P6237,Suits,36%
C1225,Blazers,36%
SW952,Knitwear,36%
SW1449,Knitwear,36%
C1803,Blazers,36%
P6234,Suits,36%
SW502,Knitwear,36%
P5710,Suits,36%
P3809,Suits,36%
C1615,Blazers,36%
H4812,Shirts,36%
P3884,Suits,36%
C1342,Blazers,36%
SW508,Knitwear,36%
P6414,Suits,36%
C1524,Blazers,36%
H5222,Shirts,36%
P5192,Suits,36%
H5636,Shirts,36%
FW1012,Footwear,36%
SWIM021,Trousers,36%
SW500,Knitwear,36%
B359,Trousers,36%
P5100,Suits,35%
C1335,Blazers,35%
H5143,Shirts,35%
SW1330,Knitwear,35%
H9092,Shirts,35%
H6145,Shirts,35%
B224,Trousers,35%
SW1052,Knitwear,35%
FW1033,Footwear,35%
SW1238,Knitwear,35%
H5193,Shirts,35%
H5788,Shirts,35%
SW1079,Knitwear,35%
B1239,Trousers,35%
SW1102,Knitwear,35%
P5797,Suits,35%
C1811,Blazers,35%
SW703,Knitwear,35%
C1502,Blazers,35%
H4959,Shirts,35%
C1625,Blazers,35%
TS036,Knitwear,35%
P4536,Suits,35%
H6051,Shirts,35%
P5421,Suits,35%
SWIM030,Trousers,35%
SW871,Knitwear,35%
P5292,Suits,35%
J776,Outerwear,35%
FW1017,Footwear,35%
SW1451,Knitwear,35%
P3485,Suits,35%
P5779,Suits,35%
J534,Outerwear,35%
P6151,Suits,35%
P5467,Suits,35%
H4710,Shirts,35%
T0002,Trousers,35%
H5086,Shirts,35%
P6304,Suits,35%
SW913,Knitwear,35%
FW1440,Footwear,35%
P5660,Suits,35%
H5122,Shirts,35%
SW440,Knitwear,34%
B1236,Trousers,34%
H6486,Shirts,34%
C1224,Blazers,34%
SW624,Knitwear,34%
B6264,Suits,34%
B1391,Trousers,34%
P5106,Suits,34%
H5244,Shirts,34%
J767,Outerwear,34%
H9008,Shirts,34%
H6008,Shirts,34%
H9056,Shirts,34%
P5587,Suits,34%
H1090,Shirts,34%
SW908,Knitwear,34%
FW1025,Footwear,34%
C738,Blazers,34%
H5778,Shirts,34%
SW844,Knitwear,34%
B400,Trousers,34%
SW1439,Knitwear,34%
P6074,Suits,34%
H5151,Shirts,34%
SW1421,Knitwear,34%
P6184,Suits,34%
B1245,Trousers,34%
H6140,Shirts,34%
P3459,Suits,34%
H6542,Shirts,34%
FW1026,Footwear,34%
SWIM031,Trousers,34%
BW195,Outerwear,34%
W190210,Suits,34%
H5019,Shirts,34%
H6403,Shirts,34%
SW1212,Knitwear,34%
H4696,Shirts,33%
SP036,Knitwear,33%
W190217,Suits,33%
P5801,Suits,33%
C1645,Blazers,33%
B1363,Trousers,33%
P5654,Suits,33%
SW870,Knitwear,33%
H5765,Shirts,33%
H4979,Shirts,33%
P5755,Suits,33%
SW967,Knitwear,33%
SW1022,Knitwear,33%
FW1031,Footwear,33%
P2518,Suits,33%
SW811,Knitwear,33%
B1352,Trousers,33%
P5307,Suits,33%
P6106,Suits,33%
H5776,Shirts,33%
P4725,Suits,33%
P6417,Suits,33%
TS032,Knitwear,33%
P2967,Suits,33%
SWJ01,Knitwear,33%
C1929,Blazers,33%
FW1451,Footwear,33%
FW1832,Footwear,33%
P5794,Suits,33%
C6065,Suits,32%
C1842,Blazers,32%
P5950,Suits,32%
FW1027,Footwear,32%
B5261,Suits,32%
TS003,Knitwear,32%
H6201,Shirts,32%
SW808,Knitwear,32%
H5810,Shirts,32%
P5545,Suits,32%
H4343,Shirts,32%
P5567,Suits,32%
H6240,Shirts,32%
SW1454,Knitwear,32%
SW652,Knitwear,32%
FW1838,Footwear,32%
H4988,Shirts,32%
B1241,Trousers,32%
H5990,Shirts,32%
H9095,Shirts,32%
SW867,Knitwear,32%
P6487,Suits,32%
P6027,Suits,32%
B1308,Trousers,32%
C1608,Blazers,32%
FW1837,Footwear,32%
SW1215,Knitwear,32%
H5756,Shirts,32%
C6273,Suits,32%
SW482,Knitwear,31%
H5740,Shirts,31%
SW927,Knitwear,31%
H5615,Shirts,31%
SW780,Knitwear,31%
H5831,Shirts,31%
SW1324,Knitwear,31%
B1382,Trousers,31%
B1366,Trousers,31%
H5749,Shirts,31%
P5101,Suits,31%
P2842,Suits,31%
H9223,Shirts,31%
C5560,Suits,31%
P5266,Suits,31%
P5807,Suits,31%
C1231,Suits,31%
B1242,Trousers,31%
B1150,Suits,31%
SW1244,Knitwear,31%
H6761,Shirts,31%
B4761,Suits,31%
P5441,Suits,31%
J813,Outerwear,31%
FW1479,Footwear,31%
SW1325,Knitwear,31%
J928,Outerwear,31%
B1304,Trousers,31%
H5912,Shirts,31%
P3818,Suits,31%
H6742,Shirts,31%
SP048,Knitwear,31%
H6117,Shirts,31%
H5983,Shirts,31%
B1310,Trousers,31%
H5620,Shirts,31%
P6211,Suits,31%
H5638,Shirts,31%
B6027,Suits,31%
SW598,Knitwear,31%
P6062,Suits,31%
P5762,Suits,30%
FW1410,Footwear,30%
H4903,Shirts,30%
P3558,Suits,30%
H5930,Shirts,30%
SWIM010,Trousers,30%
H5813,Shirts,30%
H6745,Shirts,30%
SW1313,Knitwear,30%
SW1008,Knitwear,30%
J530,Outerwear,30%
SW602,Knitwear,30%
H9000,Shirts,30%
B1355,Trousers,30%
B1364,Trousers,30%
H4810,Shirts,30%
SW1046,Knitwear,30%
H5509,Shirts,30%
C1904,Blazers,30%
SW960,Knitwear,30%
SW860,Knitwear,30%
